{
  "lighting": "none",
  "matrix": {
    "rows": 5,
    "cols": 8
  },
  "layouts": {
    "keymap": [
      [
        {
          "r": 15,
          "rx": 6.5,
          "ry": 1.5,
          "y": -0.5,
          "x": -3.5
        },
        "2,0"
      ],
      [
        {
          "y": -0.75,
          "x": -2.5
        },
        "3,0"
      ],
      [
        {
          "y": -0.8,
          "x": -1.5
        },
        "4,0"
      ],
      [
        {
          "y": -0.9500000000000002,
          "x": -4.5
        },
        "1,0"
      ],
      [
        {
          "y": -0.5,
          "x": -3.5
        },
        "2,1"
      ],
      [
        {
          "y": -0.75,
          "x": -5.5
        },
        "0,0",
        {
          "x": 2
        },
        "3,1"
      ],
      [
        {
          "y": -0.7999999999999998,
          "x": -1.5
        },
        "4,1"
      ],
      [
        {
          "y": -0.9500000000000002,
          "x": -4.5
        },
        "1,1"
      ],
      [
        {
          "y": -0.5,
          "x": -3.5
        },
        "2,2"
      ],
      [
        {
          "y": -0.75,
          "x": -5.5
        },
        "0,1",
        {
          "x": 2
        },
        "3,2"
      ],
      [
        {
          "y": -0.7999999999999998,
          "x": -1.5
        },
        "4,2"
      ],
      [
        {
          "y": -0.9500000000000002,
          "x": -4.5
        },
        "1,2"
      ],
      [
        {
          "y": -0.25,
          "x": -5.5
        },
        "0,2"
      ],
      [
        {
          "y": -0.75,
          "x": -2.5
        },
        "2,3"
      ],
      [
        {
          "r": 25,
          "y": -0.7999999999999998,
          "x": -0.75
        },
        "3,3"
      ],
      [
        {
          "r": 35,
          "y": -1.1000000000000005,
          "x": 1
        },
        "4,3"
      ],
      [
        {
          "r": -35,
          "y": -1,
          "x": -2
        },
        "4,7"
      ],
      [
        {
          "r": -25,
          "y": -0.8999999999999995,
          "x": -0.25
        },
        "3,7"
      ],
      [
        {
          "r": -15,
          "y": -4.7,
          "x": 2.5
        },
        "2,4"
      ],
      [
        {
          "y": -0.75,
          "x": 1.5
        },
        "3,4"
      ],
      [
        {
          "y": -0.8,
          "x": 0.5
        },
        "4,4"
      ],
      [
        {
          "y": -0.9500000000000002,
          "x": 3.5
        },
        "1,4"
      ],
      [
        {
          "y": -0.5,
          "x": 2.5
        },
        "2,5"
      ],
      [
        {
          "y": -0.75,
          "x": 1.5
        },
        "3,5",
        {
          "x": 2
        },
        "0,4"
      ],
      [
        {
          "y": -0.7999999999999998,
          "x": 0.5
        },
        "4,5"
      ],
      [
        {
          "y": -0.9500000000000002,
          "x": 3.5
        },
        "1,5"
      ],
      [
        {
          "y": -0.5,
          "x": 2.5
        },
        "2,6"
      ],
      [
        {
          "y": -0.75,
          "x": 1.5
        },
        "3,6",
        {
          "x": 2
        },
        "0,5"
      ],
      [
        {
          "y": -0.7999999999999998,
          "x": 0.5
        },
        "4,6"
      ],
      [
        {
          "y": -0.9500000000000002,
          "x": 3.5
        },
        "1,6"
      ],
      [
        {
          "y": -0.25,
          "x": 4.5
        },
        "0,6"
      ],
      [
        {
          "y": -0.75,
          "x": 1.5
        },
        "2,7"
      ]
    ]
  }
}